Mutation,MutationPref,ConsensusPref,Log2FitnessEffects
I4T,0.017016672,0.067284799,-1.98333169504476
F15S,0.045345462,0.038350825,0.241700565381957
A16S,0.244322412,0.364267705,-0.576212885374981
K18E,0.147939818,0.122450329,0.272813755907111
L19I,0.135372906,0.068210624,0.988870656099682
N24D,0.122752988,0.01447831,3.08379302556138
T26M,0.157678213,0.066849889,1.23798626129391
N47D,0.062632236,0.10577373,-0.756004073842586
Q49R,0.131240291,0.132561722,-0.0144535507849829
S61N,0.036730584,0.150390202,-2.03365683816776
T64I,0.071008896,0.06419027,0.145645147554452
T64A,0.007751276,0.06419027,-3.04984890062704
D69N,0.037384651,0.390819918,-3.38598602551791
D69E,0.11906861,0.390819918,-1.71471086929438
Q73H,0.029436802,0.057839017,-0.974422087035745
E78K,0.093454891,0.014956316,2.64351531180552
V104I,0.034813375,0.804618834,-4.53059191929173
K108R,0.006442506,0.006316848,0.0284171180949273
Y110H,0.072871619,0.022754356,1.67921428829455
V128I,0.015151823,0.915172333,-5.91648015008252
S140N,0.330538747,0.049770303,2.73146232457102
T144A,0.026309233,0.582302986,-4.46812892184776
T144N,0.021479519,0.582302986,-4.76073642489436
N149D,0.395466812,0.553082641,-0.483938435213607
A154S,0.01315389,0.070185578,-2.41568509967646
I156M,0.071278825,0.39442332,-2.46819939258517
R158G,0.047918391,0.014840389,1.69105055749955
R158K,0.017761102,0.014840389,0.259192188749523
N160K,0.062817331,0.00363129,4.11260859113336
N160D,0.002481366,0.00363129,-0.549347602842492
N161S,0.010537721,0.02850582,-1.43569361462935
L173S,0.081923861,0.023209583,1.81956310747481
N174K,0.002102615,0.243850103,-6.85766606242008
N174R,0.000867013,0.243850103,-8.13572524102637
G202V,0.004499628,0.012889813,-1.51835369500181
K205N,0.017856638,0.021363853,-0.258711383241457
I208T,0.01654902,0.010096148,0.712940821899753
L210P,0.004617631,0.697738452,-7.23938964141258
A214S,0.04022725,0.056674599,-0.494529161878529
A214P,0.197191387,0.056674599,1.7988223551575
S215A,0.02494387,0.01297882,0.942526090991777
A228T,0.100868202,0.002568871,5.29519319150054
A228S,0.014577938,0.002568871,2.50458031985171
V229A,0.013257172,0.79296453,-5.90241137450994
P237L,0.042556853,0.551411186,-3.69566515906128
V239I,0.18646532,0.373331139,-1.00154851284874
N241D,0.027327177,0.239865016,-3.13381442092656
I246V,0.011593392,0.922991539,-6.31494278524342
R277Q,0.013775071,0.033950933,-1.30139146666988
S278N,0.099605545,0.070388852,0.500879102038559
N294K,0.027790784,0.060473957,-1.1217074474424
E296A,0.071843675,0.11474157,-0.675455108654944
E296T,0.053542972,0.11474157,-1.09961903779699
N328S,0.127315064,0.154249428,-0.276862009527105
V363M,0.094786907,0.045799942,1.04934202080567
K484T,0.12100744,0.232210856,-0.940339668025373
D490N,0.028253127,0.558332036,-4.30464088141235
D503N,0.023368092,0.182671098,-2.96663654227523
D505N,0.067279233,0.034853456,0.948859540620944
D505Y,0.017289029,0.034853456,-1.01144487249778
N513S,0.060592379,0.081099194,-0.42055122607258
N514K,0.209010598,0.324110112,-0.632907935570133
V521I,0.224752063,0.292062239,-0.377941484529738
I538T,0.024035513,0.715775881,-4.89626843012573
I538M,0.139840773,0.715775881,-2.3557228663052
A546V,0.138939234,0.115539454,0.266068466474307
N563S,0.16811355,0.246047822,-0.549502734986304
